Time,Distance
08:56:47.808,341
08:56:47.808,340
08:56:47.808,342
08:56:47.808,339
08:56:47.808,341
08:56:47.808,340
08:56:47.850,344
08:56:47.850,340
08:56:47.850,343
08:56:47.850,340
08:56:47.850,342
08:56:47.850,343
08:56:47.883,340
08:56:47.883,340
08:56:47.883,344
08:56:47.883,340
08:56:47.883,340
08:56:47.883,341
08:56:47.883,339
08:56:47.923,341
08:56:47.923,342
08:56:47.923,343
08:56:47.923,343
08:56:47.923,342
08:56:47.923,343
08:56:47.959,341
08:56:47.959,342
08:56:47.959,343
08:56:47.959,344
08:56:47.959,342
08:56:47.959,341
08:56:47.991,342
08:56:47.991,342
08:56:47.991,344
08:56:47.991,342
08:56:47.991,341
08:56:47.991,342
08:56:47.991,342
08:56:48.025,343
08:56:48.025,338
08:56:48.025,342
08:56:48.025,343
08:56:48.025,344
08:56:48.025,345
08:56:48.058,341
08:56:48.058,343
08:56:48.058,342
08:56:48.058,344
08:56:48.058,344
08:56:48.058,342
08:56:48.058,343
08:56:48.092,344
08:56:48.092,344
08:56:48.092,344
08:56:48.092,343
08:56:48.092,341
08:56:48.092,345
08:56:48.125,344
08:56:48.125,345
08:56:48.125,345
08:56:48.125,343
08:56:48.125,342
08:56:48.125,341
08:56:48.158,343
08:56:48.158,342
08:56:48.158,342
08:56:48.158,345
08:56:48.158,344
08:56:48.158,346
08:56:48.158,344
08:56:48.192,344
08:56:48.192,344
08:56:48.192,342
08:56:48.192,344
08:56:48.192,345
08:56:48.192,346
08:56:48.192,343
08:56:48.226,344
08:56:48.226,344
08:56:48.226,345
08:56:48.226,341
08:56:48.226,342
08:56:48.226,341
08:56:48.226,344
08:56:48.258,341
08:56:48.258,345
08:56:48.258,342
08:56:48.258,341
08:56:48.258,344
08:56:48.258,343
08:56:48.292,341
08:56:48.292,342
08:56:48.292,343
08:56:48.292,346
08:56:48.292,344
08:56:48.292,345
08:56:48.325,346
08:56:48.325,347
08:56:48.325,345
08:56:48.325,345
08:56:48.325,345
08:56:48.325,346
08:56:48.325,344
08:56:48.358,343
08:56:48.358,343
08:56:48.358,345
08:56:48.358,345
08:56:48.358,345
08:56:48.358,343
08:56:48.358,342
08:56:48.392,342
08:56:48.392,344
08:56:48.392,344
08:56:48.392,346
08:56:48.392,346
08:56:48.392,348
08:56:48.392,348
08:56:48.425,349
08:56:48.425,352
08:56:48.425,350
08:56:48.425,351
08:56:48.425,348
08:56:48.425,347
08:56:48.458,338
08:56:48.458,334
08:56:48.458,331
08:56:48.458,329
08:56:48.458,327
08:56:48.458,325
08:56:48.492,325
08:56:48.492,326
08:56:48.492,325
08:56:48.492,326
08:56:48.492,327
08:56:48.492,329
08:56:48.492,330
08:56:48.525,330
08:56:48.525,332
08:56:48.525,336
08:56:48.525,338
08:56:48.525,341
08:56:48.525,342
08:56:48.558,342
08:56:48.558,342
08:56:48.558,343
08:56:48.558,344
08:56:48.558,344
08:56:48.558,343
08:56:48.558,341
08:56:48.591,339
08:56:48.591,336
08:56:48.591,336
08:56:48.591,338
08:56:48.591,342
08:56:48.591,347
08:56:48.624,348
08:56:48.624,348
08:56:48.624,345
08:56:48.624,339
08:56:48.624,334
08:56:48.624,328
08:56:48.657,322
08:56:48.657,316
08:56:48.657,313
08:56:48.657,308
08:56:48.657,303
08:56:48.657,299
08:56:48.657,295
08:56:48.691,291
08:56:48.691,285
08:56:48.691,282
08:56:48.691,277
08:56:48.691,273
08:56:48.691,269
08:56:48.725,265
08:56:48.725,263
08:56:48.725,259
08:56:48.725,254
08:56:48.725,252
08:56:48.725,249
08:56:48.725,245
08:56:48.757,242
08:56:48.757,239
08:56:48.757,236
08:56:48.757,232
08:56:48.757,230
08:56:48.757,227
08:56:48.791,224
08:56:48.791,221
08:56:48.791,217
08:56:48.791,215
08:56:48.791,212
08:56:48.791,209
08:56:48.824,207
08:56:48.824,204
08:56:48.824,203
08:56:48.824,200
08:56:48.824,198
08:56:48.824,196
08:56:48.824,194
08:56:48.858,193
08:56:48.858,190
08:56:48.858,190
08:56:48.858,187
08:56:48.858,184
08:56:48.858,183
08:56:48.890,180
08:56:48.890,178
08:56:48.890,176
08:56:48.890,175
08:56:48.890,174
08:56:48.890,172
08:56:48.890,170
08:56:48.924,169
08:56:48.924,169
08:56:48.924,168
08:56:48.924,166
08:56:48.924,165
08:56:48.924,164
08:56:48.958,162
08:56:48.958,161
08:56:48.958,159
08:56:48.958,158
08:56:48.958,156
08:56:48.958,156
08:56:48.991,154
08:56:48.991,153
08:56:48.991,151
08:56:48.991,151
08:56:48.991,149
08:56:48.991,148
08:56:48.991,147
08:56:49.024,146
08:56:49.024,145
08:56:49.024,145
08:56:49.024,143
08:56:49.024,142
08:56:49.024,140
08:56:49.057,139
08:56:49.057,138
08:56:49.057,136
08:56:49.057,136
08:56:49.057,135
08:56:49.057,135
08:56:49.057,133
08:56:49.091,132
08:56:49.091,131
08:56:49.091,130
08:56:49.091,129
08:56:49.091,128
08:56:49.091,127
08:56:49.124,126
08:56:49.124,125
08:56:49.124,124
08:56:49.124,124
08:56:49.124,124
08:56:49.124,122
08:56:49.157,121
08:56:49.157,121
08:56:49.157,119
08:56:49.157,119
08:56:49.157,117
08:56:49.157,116
08:56:49.157,116
08:56:49.191,116
08:56:49.191,115
08:56:49.191,114
08:56:49.191,114
08:56:49.191,113
08:56:49.191,112
08:56:49.223,112
08:56:49.223,111
08:56:49.223,110
08:56:49.223,110
08:56:49.223,109
08:56:49.223,108
08:56:49.223,108
08:56:49.257,107
08:56:49.257,107
08:56:49.257,106
08:56:49.257,106
08:56:49.257,105
08:56:49.257,105
08:56:49.290,104
08:56:49.290,103
08:56:49.290,102
08:56:49.290,102
08:56:49.290,101
08:56:49.290,100
08:56:49.324,100
08:56:49.324,99
08:56:49.324,100
08:56:49.324,99
08:56:49.324,99
08:56:49.324,98
08:56:49.324,97
08:56:49.324,97
08:56:49.357,96
08:56:49.357,96
08:56:49.357,95
08:56:49.357,95
08:56:49.357,95
08:56:49.357,94
08:56:49.357,94
08:56:49.357,93
08:56:49.390,93
08:56:49.390,92
08:56:49.390,92
08:56:49.390,92
08:56:49.390,91
08:56:49.390,91
08:56:49.390,91
08:56:49.390,91
08:56:49.424,90
08:56:49.424,89
08:56:49.424,89
08:56:49.424,88
08:56:49.424,88
08:56:49.424,87
08:56:49.424,86
08:56:49.424,86
08:56:49.457,85
08:56:49.457,85
08:56:49.457,85
08:56:49.457,84
08:56:49.457,84
08:56:49.457,83
08:56:49.457,82
08:56:49.457,82
08:56:49.490,82
08:56:49.490,82
08:56:49.490,82
08:56:49.490,81
08:56:49.490,81
08:56:49.490,82
08:56:49.490,81
08:56:49.490,81
08:56:49.523,81
08:56:49.523,80
08:56:49.523,80
08:56:49.523,80
08:56:49.523,80
08:56:49.523,79
08:56:49.523,79
08:56:49.523,78
08:56:49.556,78
08:56:49.556,78
08:56:49.556,77
08:56:49.556,77
08:56:49.556,77
08:56:49.556,77
08:56:49.556,76
08:56:49.556,76
08:56:49.590,76
08:56:49.590,76
08:56:49.590,75
08:56:49.590,75
08:56:49.590,75
08:56:49.590,74
08:56:49.590,74
08:56:49.590,73
08:56:49.623,72
08:56:49.623,72
08:56:49.623,72
08:56:49.623,72
08:56:49.623,71
08:56:49.623,70
08:56:49.623,70
08:56:49.623,70
08:56:49.656,69
08:56:49.656,70
08:56:49.656,69
08:56:49.656,69
08:56:49.656,69
08:56:49.656,69
08:56:49.656,69
08:56:49.656,68
08:56:49.690,69
08:56:49.690,68
08:56:49.690,68
08:56:49.690,68
08:56:49.690,68
08:56:49.690,68
08:56:49.690,68
08:56:49.690,68
08:56:49.723,68
08:56:49.723,67
08:56:49.723,67
08:56:49.723,66
08:56:49.723,66
08:56:49.723,66
08:56:49.723,66
08:56:49.723,65
08:56:49.757,65
08:56:49.757,65
08:56:49.757,64
08:56:49.757,64
08:56:49.757,64
08:56:49.757,64
08:56:49.757,63
08:56:49.757,63
08:56:49.789,64
08:56:49.789,64
08:56:49.789,63
08:56:49.789,63
08:56:49.789,63
08:56:49.789,63
08:56:49.789,63
08:56:49.789,62
08:56:49.823,62
08:56:49.823,63
08:56:49.823,62
08:56:49.823,62
08:56:49.823,62
08:56:49.823,63
08:56:49.823,63
08:56:49.823,63
08:56:49.856,63
08:56:49.856,63
08:56:49.856,63
08:56:49.856,63
08:56:49.856,63
08:56:49.856,63
08:56:49.856,63
08:56:49.856,61
08:56:49.890,61
08:56:49.890,61
08:56:49.890,62
08:56:49.890,62
08:56:49.890,62
08:56:49.890,62
08:56:49.890,61
08:56:49.890,62
08:56:49.923,61
08:56:49.923,62
08:56:49.923,61
08:56:49.923,61
08:56:49.923,61
08:56:49.923,61
08:56:49.923,61
08:56:49.923,61
08:56:49.956,61
08:56:49.956,60
08:56:49.956,61
08:56:49.956,60
08:56:49.956,61
08:56:49.956,61
08:56:49.956,61
08:56:49.956,61
08:56:49.989,61
08:56:49.989,61
08:56:49.989,61
08:56:49.989,60
08:56:49.989,60
08:56:49.989,60
08:56:49.989,61
08:56:49.989,60
08:56:50.023,60
08:56:50.023,60
08:56:50.023,60
08:56:50.023,60
08:56:50.023,60
08:56:50.023,60
08:56:50.023,60
08:56:50.023,60
08:56:50.055,60
08:56:50.055,60
08:56:50.055,60
08:56:50.055,60
08:56:50.055,60
08:56:50.055,60
08:56:50.055,60
08:56:50.055,60
08:56:50.089,60
08:56:50.089,60
08:56:50.089,60
08:56:50.089,60
08:56:50.089,60
08:56:50.089,60
08:56:50.089,60
08:56:50.089,60
08:56:50.123,61
08:56:50.123,61
08:56:50.123,61
08:56:50.123,61
08:56:50.123,61
08:56:50.123,61
08:56:50.123,61
08:56:50.123,60
08:56:50.156,60
08:56:50.156,60
08:56:50.156,60
08:56:50.156,60
08:56:50.156,60
08:56:50.156,60
08:56:50.156,60
08:56:50.156,60
08:56:50.188,60
08:56:50.188,60
08:56:50.188,60
08:56:50.188,60
08:56:50.188,60
08:56:50.188,60
08:56:50.188,60
08:56:50.188,60
08:56:50.224,60
08:56:50.224,60
08:56:50.224,60
08:56:50.224,60
08:56:50.224,60
08:56:50.224,60
08:56:50.224,60
08:56:50.224,61
08:56:50.256,61
08:56:50.256,62
08:56:50.256,62
08:56:50.256,62
08:56:50.256,62
08:56:50.256,62
08:56:50.256,62
08:56:50.256,63
08:56:50.291,63
08:56:50.291,62
08:56:50.291,62
08:56:50.291,62
08:56:50.291,62
08:56:50.291,62
08:56:50.291,62
08:56:50.291,61
08:56:50.324,61
08:56:50.324,62
08:56:50.324,64
08:56:50.324,67
08:56:50.324,75
08:56:50.324,79
08:56:50.324,86
08:56:50.324,92
08:56:50.358,103
08:56:50.358,108
08:56:50.358,116
08:56:50.358,126
08:56:50.358,132
08:56:50.358,139
08:56:50.391,145
08:56:50.391,151
08:56:50.391,155
08:56:50.391,151
08:56:50.391,145
08:56:50.391,142
08:56:50.391,142
08:56:50.424,156
08:56:50.424,195
08:56:50.424,199
08:56:50.424,199
08:56:50.424,200
08:56:50.424,201
08:56:50.457,201
08:56:50.457,201
08:56:50.457,202
08:56:50.457,202
08:56:50.457,202
08:56:50.457,203
08:56:50.457,203
08:56:50.491,203
08:56:50.491,205
08:56:50.491,205
08:56:50.491,206
08:56:50.491,206
08:56:50.491,206
08:56:50.525,206
08:56:50.525,206
08:56:50.525,207
08:56:50.525,207
08:56:50.525,208
08:56:50.525,209
08:56:50.558,209
08:56:50.558,210
08:56:50.558,211
08:56:50.558,212
08:56:50.558,213
08:56:50.558,213
08:56:50.558,215
08:56:50.591,219
08:56:50.591,221
08:56:50.591,221
08:56:50.591,223
08:56:50.591,223
08:56:50.591,223
08:56:50.624,224
08:56:50.624,225
08:56:50.624,226
08:56:50.624,226
08:56:50.624,227
08:56:50.624,228
08:56:50.624,227
08:56:50.657,228
08:56:50.657,228
08:56:50.657,230
08:56:50.657,230
08:56:50.657,230
08:56:50.657,230
08:56:50.690,232
08:56:50.690,233
08:56:50.690,234
08:56:50.690,236
08:56:50.690,237
08:56:50.690,238
08:56:50.724,238
08:56:50.724,240
08:56:50.724,241
08:56:50.724,241
08:56:50.724,243
08:56:50.724,244
08:56:50.724,245
08:56:50.757,246
08:56:50.757,248
08:56:50.757,248
08:56:50.757,250
08:56:50.757,252
08:56:50.757,252
08:56:50.791,254
08:56:50.791,254
08:56:50.791,257
08:56:50.791,257
08:56:50.791,258
08:56:50.791,261
08:56:50.791,261
08:56:50.823,263
08:56:50.823,265
08:56:50.823,265
08:56:50.823,266
08:56:50.823,268
08:56:50.823,269
08:56:50.857,271
08:56:50.857,271
08:56:50.857,259
08:56:50.857,188
08:56:50.857,153
08:56:50.857,147
08:56:50.890,145
08:56:50.890,146
08:56:50.890,145
08:56:50.890,144
08:56:50.890,143
08:56:50.890,141
08:56:50.890,141
08:56:50.924,140
08:56:50.924,140
08:56:50.924,138
08:56:50.924,126
08:56:50.924,117
08:56:50.924,116
08:56:50.957,116
08:56:50.957,114
08:56:50.957,112
08:56:50.957,111
08:56:50.957,111
08:56:50.957,111
08:56:50.957,110
08:56:50.990,109
08:56:50.990,110
08:56:50.990,110
08:56:50.990,110
08:56:50.990,110
08:56:50.990,108
08:56:51.024,108
08:56:51.024,107
08:56:51.024,107
08:56:51.024,107
08:56:51.024,109
08:56:51.024,110
08:56:51.057,112
08:56:51.057,114
08:56:51.057,116
08:56:51.057,117
08:56:51.057,118
08:56:51.057,119
08:56:51.057,118
08:56:51.090,120
08:56:51.090,119
08:56:51.090,119
08:56:51.090,119
08:56:51.090,118
08:56:51.090,118
08:56:51.123,118
08:56:51.123,117
08:56:51.123,117
08:56:51.123,117
08:56:51.123,116
08:56:51.123,116
08:56:51.123,116
08:56:51.156,114
08:56:51.156,114
08:56:51.156,114
08:56:51.156,114
08:56:51.156,115
08:56:51.156,114
08:56:51.190,114
08:56:51.190,113
08:56:51.190,113
08:56:51.190,113
08:56:51.190,113
08:56:51.190,112
08:56:51.222,112
08:56:51.222,111
08:56:51.222,111
08:56:51.222,111
08:56:51.222,111
08:56:51.222,110
08:56:51.222,110
08:56:51.255,109
08:56:51.255,109
08:56:51.255,108
08:56:51.255,109
08:56:51.255,109
08:56:51.255,109
08:56:51.290,108
08:56:51.290,108
08:56:51.290,108
08:56:51.290,108
08:56:51.290,108
08:56:51.290,107
08:56:51.290,107
08:56:51.321,107
08:56:51.321,105
08:56:51.321,105
08:56:51.321,105
08:56:51.321,105
08:56:51.321,104
08:56:51.356,103
08:56:51.356,103
08:56:51.356,102
08:56:51.356,102
08:56:51.356,103
08:56:51.356,102
08:56:51.390,101
08:56:51.390,102
08:56:51.390,102
08:56:51.390,101
08:56:51.390,100
08:56:51.390,101
08:56:51.390,101
08:56:51.423,100
08:56:51.423,100
08:56:51.423,100
08:56:51.423,99
08:56:51.423,99
08:56:51.423,98
08:56:51.423,99
08:56:51.456,98
08:56:51.456,99
08:56:51.456,98
08:56:51.456,97
08:56:51.456,97
08:56:51.456,97
08:56:51.456,96
08:56:51.456,97
08:56:51.491,97
08:56:51.491,97
08:56:51.491,97
08:56:51.491,97
08:56:51.491,97
08:56:51.491,97
08:56:51.491,97
08:56:51.491,97
08:56:51.524,97
08:56:51.524,96
08:56:51.524,96
08:56:51.524,97
08:56:51.524,96
08:56:51.524,97
08:56:51.524,96
08:56:51.524,95
08:56:51.557,95
08:56:51.557,96
08:56:51.557,96
08:56:51.557,96
08:56:51.557,95
08:56:51.557,95
08:56:51.557,95
08:56:51.557,95
08:56:51.590,95
08:56:51.590,95
08:56:51.590,94
08:56:51.590,95
08:56:51.590,94
08:56:51.590,94
08:56:51.590,94
08:56:51.590,94
08:56:51.622,94
08:56:51.622,94
08:56:51.622,93
08:56:51.622,93
08:56:51.622,92
08:56:51.622,92
08:56:51.622,93
08:56:51.622,93
08:56:51.656,93
08:56:51.656,93
08:56:51.656,93
08:56:51.656,93
08:56:51.656,92
08:56:51.656,93
08:56:51.656,92
08:56:51.656,92
08:56:51.689,92
08:56:51.689,92
08:56:51.689,92
08:56:51.689,92
08:56:51.689,92
08:56:51.689,92
08:56:51.689,92
08:56:51.689,92
08:56:51.722,91
08:56:51.722,91
08:56:51.722,92
08:56:51.722,91
08:56:51.722,91
08:56:51.722,91
08:56:51.722,91
08:56:51.722,91
08:56:51.756,91
08:56:51.756,91
08:56:51.756,91
08:56:51.756,91
08:56:51.756,91
08:56:51.756,91
08:56:51.756,91
08:56:51.756,91
08:56:51.790,91
08:56:51.790,92
08:56:51.790,92
08:56:51.790,91
08:56:51.790,91
08:56:51.790,90
08:56:51.790,90
08:56:51.790,90
08:56:51.823,90
08:56:51.823,90
08:56:51.823,90
08:56:51.823,90
08:56:51.823,90
08:56:51.823,91
08:56:51.823,90
08:56:51.823,90
08:56:51.856,90
08:56:51.856,90
08:56:51.856,89
08:56:51.856,89
08:56:51.856,89
08:56:51.856,89
08:56:51.856,89
08:56:51.856,88
08:56:51.887,88
08:56:51.887,89
08:56:51.887,89
08:56:51.887,88
08:56:51.887,89
08:56:51.887,89
08:56:51.887,89
08:56:51.887,89
08:56:51.922,89
08:56:51.922,89
08:56:51.922,91
08:56:51.922,88
08:56:51.922,88
08:56:51.922,89
08:56:51.922,89
08:56:51.922,89
08:56:51.955,89
08:56:51.955,89
08:56:51.955,88
08:56:51.955,88
08:56:51.955,88
08:56:51.955,88
08:56:51.955,88
08:56:51.955,88
08:56:51.989,89
08:56:51.989,89
08:56:51.989,89
08:56:51.989,89
08:56:51.989,88
08:56:51.989,88
08:56:51.989,88
08:56:51.989,88
08:56:52.022,88
08:56:52.022,88
08:56:52.022,89
08:56:52.022,89
08:56:52.022,88
08:56:52.022,89
08:56:52.022,89
08:56:52.022,89
08:56:52.056,88
08:56:52.056,89
08:56:52.056,89
08:56:52.056,89
08:56:52.056,89
08:56:52.056,89
08:56:52.056,90
08:56:52.056,89
08:56:52.089,89
08:56:52.089,89
08:56:52.089,89
08:56:52.089,90
08:56:52.089,90
08:56:52.089,90
08:56:52.089,90
08:56:52.089,91
08:56:52.122,91
08:56:52.122,90
08:56:52.122,91
08:56:52.122,91
08:56:52.122,90
08:56:52.122,92
08:56:52.122,92
08:56:52.122,93
08:56:52.155,92
08:56:52.155,93
08:56:52.155,93
08:56:52.155,93
08:56:52.155,93
08:56:52.155,93
08:56:52.155,94
08:56:52.155,93
08:56:52.188,94
08:56:52.188,93
08:56:52.188,93
08:56:52.188,94
08:56:52.188,94
08:56:52.188,94
08:56:52.188,95
08:56:52.188,95
08:56:52.222,95
08:56:52.222,97
08:56:52.222,97
08:56:52.222,97
08:56:52.222,97
08:56:52.222,98
08:56:52.222,98
08:56:52.222,97
08:56:52.255,97
08:56:52.255,97
08:56:52.255,98
08:56:52.255,98
08:56:52.255,98
08:56:52.255,98
08:56:52.255,98
08:56:52.255,98
08:56:52.289,99
08:56:52.289,99
08:56:52.289,99
08:56:52.289,99
08:56:52.289,100
08:56:52.289,99
08:56:52.289,100
08:56:52.322,100
08:56:52.322,101
08:56:52.322,101
08:56:52.322,102
08:56:52.322,101
08:56:52.322,102
08:56:52.322,102
08:56:52.355,102
08:56:52.355,103
08:56:52.355,103
08:56:52.355,103
08:56:52.355,103
08:56:52.355,104
08:56:52.388,105
08:56:52.388,105
08:56:52.388,105
08:56:52.388,105
08:56:52.388,106
08:56:52.388,107
08:56:52.388,107
08:56:52.422,107
08:56:52.422,107
08:56:52.422,108
08:56:52.422,108
08:56:52.422,109
08:56:52.422,108
08:56:52.455,109
08:56:52.455,109
08:56:52.455,109
08:56:52.455,110
08:56:52.455,110
08:56:52.455,111
08:56:52.488,111
08:56:52.488,111
08:56:52.488,112
08:56:52.488,113
08:56:52.488,113
08:56:52.488,114
08:56:52.488,112
08:56:52.522,113
08:56:52.522,114
08:56:52.522,95
08:56:52.522,84
08:56:52.522,83
08:56:52.522,83
08:56:52.522,83
08:56:52.555,83
08:56:52.555,84
08:56:52.555,85
08:56:52.555,85
08:56:52.555,85
08:56:52.555,85
08:56:52.555,85
08:56:52.555,86
08:56:52.588,87
08:56:52.588,88
08:56:52.588,89
08:56:52.588,89
08:56:52.588,88
08:56:52.588,89
08:56:52.588,89
08:56:52.588,89
08:56:52.621,90
08:56:52.621,90
08:56:52.621,91
08:56:52.621,91
08:56:52.621,92
08:56:52.621,92
08:56:52.621,92
08:56:52.621,93
08:56:52.655,94
08:56:52.655,94
08:56:52.655,95
08:56:52.655,95
08:56:52.655,96
08:56:52.655,97
08:56:52.655,98
08:56:52.655,98
08:56:52.688,98
08:56:52.688,99
08:56:52.688,100
08:56:52.688,100
08:56:52.688,101
08:56:52.688,102
08:56:52.688,101
08:56:52.721,104
08:56:52.721,104
08:56:52.721,104
08:56:52.721,106
08:56:52.721,107
08:56:52.721,107
08:56:52.754,108
08:56:52.754,108
08:56:52.754,108
08:56:52.754,109
08:56:52.754,107
08:56:52.754,107
08:56:52.754,107
08:56:52.788,106
08:56:52.788,105
08:56:52.788,102
08:56:52.788,100
08:56:52.788,100
08:56:52.788,100
08:56:52.821,99
08:56:52.821,99
08:56:52.821,99
08:56:52.821,99
08:56:52.821,100
08:56:52.821,100
08:56:52.821,98
08:56:52.821,88
08:56:52.855,67
08:56:52.855,61
08:56:52.855,59
08:56:52.855,60
08:56:52.855,60
08:56:52.855,61
08:56:52.855,63
08:56:52.855,63
08:56:52.888,64
08:56:52.888,65
08:56:52.888,64
08:56:52.888,65
08:56:52.888,66
08:56:52.888,66
08:56:52.888,67
08:56:52.888,68
08:56:52.921,68
08:56:52.921,68
08:56:52.921,68
08:56:52.921,68
08:56:52.921,69
08:56:52.921,68
08:56:52.921,68
08:56:52.921,68
08:56:52.954,68
08:56:52.954,69
08:56:52.954,69
08:56:52.954,71
08:56:52.954,72
08:56:52.954,73
08:56:52.954,73
08:56:52.954,74
08:56:52.987,75
08:56:52.987,76
08:56:52.987,77
08:56:52.987,78
08:56:52.987,80
08:56:52.987,80
08:56:52.987,81
08:56:52.987,82
08:56:53.021,84
08:56:53.021,84
08:56:53.021,86
08:56:53.021,84
08:56:53.021,85
08:56:53.021,88
08:56:53.021,86
08:56:53.021,74
08:56:53.054,68
08:56:53.054,65
08:56:53.054,63
08:56:53.054,64
08:56:53.054,61
08:56:53.054,62
08:56:53.054,61
08:56:53.054,61
08:56:53.087,61
08:56:53.087,58
08:56:53.087,60
08:56:53.087,58
08:56:53.087,58
08:56:53.087,58
08:56:53.087,56
08:56:53.087,56
08:56:53.121,55
08:56:53.121,55
08:56:53.121,54
08:56:53.121,54
08:56:53.121,54
08:56:53.121,54
08:56:53.121,54
08:56:53.121,54
08:56:53.154,53
08:56:53.154,53
08:56:53.154,53
08:56:53.154,53
08:56:53.154,54
08:56:53.154,53
08:56:53.154,52
08:56:53.154,52
08:56:53.187,51
08:56:53.187,51
08:56:53.187,52
08:56:53.187,51
08:56:53.187,51
08:56:53.187,51
08:56:53.187,50
08:56:53.187,51
08:56:53.220,51
08:56:53.220,51
08:56:53.220,51
08:56:53.220,51
08:56:53.220,50
08:56:53.220,51
08:56:53.220,50
08:56:53.220,50
08:56:53.254,51
08:56:53.254,50
08:56:53.254,51
08:56:53.254,50
08:56:53.254,50
08:56:53.254,50
08:56:53.254,51
08:56:53.254,50
08:56:53.287,50
08:56:53.287,51
08:56:53.287,51
08:56:53.287,51
08:56:53.287,51
08:56:53.287,51
08:56:53.287,51
08:56:53.287,51
08:56:53.321,51
08:56:53.321,51
08:56:53.321,51
08:56:53.321,52
08:56:53.321,51
08:56:53.321,52
08:56:53.321,52
08:56:53.321,52
08:56:53.354,53
08:56:53.354,52
08:56:53.354,52
08:56:53.354,53
08:56:53.354,53
08:56:53.354,53
08:56:53.354,54
08:56:53.354,54
08:56:53.387,54
08:56:53.387,55
08:56:53.387,55
08:56:53.387,55
08:56:53.387,55
08:56:53.387,56
08:56:53.387,57
08:56:53.387,56
08:56:53.420,57
08:56:53.420,57
08:56:53.420,58
08:56:53.420,58
08:56:53.420,59
08:56:53.420,59
08:56:53.420,60
08:56:53.420,62
08:56:53.454,60
08:56:53.454,61
08:56:53.454,61
08:56:53.454,62
08:56:53.454,63
08:56:53.454,63
08:56:53.454,63
08:56:53.454,63
08:56:53.487,64
08:56:53.487,64
08:56:53.487,66
08:56:53.487,65
08:56:53.487,66
08:56:53.487,66
08:56:53.487,67
08:56:53.487,72
08:56:53.520,90
08:56:53.520,98
08:56:53.520,93
08:56:53.520,94
08:56:53.520,94
08:56:53.520,92
08:56:53.520,91
08:56:53.520,90
08:56:53.554,90
08:56:53.554,91
08:56:53.554,90
08:56:53.554,91
08:56:53.554,93
08:56:53.554,93
08:56:53.554,93
08:56:53.554,93
08:56:53.587,92
08:56:53.587,91
08:56:53.587,91
08:56:53.587,91
08:56:53.587,91
08:56:53.587,91
08:56:53.587,90
08:56:53.587,90
08:56:53.620,89
08:56:53.620,90
08:56:53.620,90
08:56:53.620,89
08:56:53.620,88
08:56:53.620,88
08:56:53.620,89
08:56:53.620,89
08:56:53.653,89
08:56:53.653,90
08:56:53.653,90
08:56:53.653,92
08:56:53.653,93
08:56:53.653,94
08:56:53.653,95
08:56:53.653,98
08:56:53.686,99
08:56:53.686,99
08:56:53.686,96
08:56:53.686,93
08:56:53.686,92
08:56:53.686,93
08:56:53.686,95
08:56:53.686,94
08:56:53.720,93
08:56:53.720,92
08:56:53.720,92
08:56:53.720,92
08:56:53.720,93
08:56:53.720,94
08:56:53.720,95
08:56:53.720,98
08:56:53.753,100
08:56:53.753,100
08:56:53.753,97
08:56:53.753,95
08:56:53.753,93
08:56:53.753,92
08:56:53.753,92
08:56:53.786,93
08:56:53.786,89
08:56:53.786,89
08:56:53.786,88
08:56:53.786,89
08:56:53.786,88
08:56:53.786,87
08:56:53.786,87
08:56:53.820,86
08:56:53.820,86
08:56:53.820,86
08:56:53.820,85
08:56:53.820,85
08:56:53.820,83
08:56:53.820,83
08:56:53.820,82
08:56:53.853,81
08:56:53.853,80
08:56:53.853,79
08:56:53.853,79
08:56:53.853,79
08:56:53.853,78
08:56:53.853,77
08:56:53.853,78
08:56:53.887,78
08:56:53.887,77
08:56:53.887,77
08:56:53.887,76
08:56:53.887,76
08:56:53.887,76
08:56:53.887,75
08:56:53.887,74
08:56:53.920,74
08:56:53.920,73
08:56:53.920,73
08:56:53.920,72
08:56:53.920,72
08:56:53.920,72
08:56:53.920,72
08:56:53.920,71
08:56:53.953,71
08:56:53.953,71
08:56:53.953,70
08:56:53.953,70
08:56:53.953,69
08:56:53.953,69
08:56:53.953,68
08:56:53.953,68
08:56:53.986,68
08:56:53.986,67
08:56:53.986,66
08:56:53.986,66
08:56:53.986,67
08:56:53.986,65
08:56:53.986,64
08:56:53.986,64
08:56:54.020,63
08:56:54.020,63
08:56:54.020,63
08:56:54.020,62
08:56:54.020,63
08:56:54.020,62
08:56:54.020,62
08:56:54.020,62
08:56:54.053,62
08:56:54.053,61
08:56:54.053,62
08:56:54.053,62
08:56:54.053,62
08:56:54.053,63
08:56:54.053,69
08:56:54.053,70
08:56:54.086,80
08:56:54.086,116
08:56:54.086,159
08:56:54.086,165
08:56:54.086,165
08:56:54.086,165
08:56:54.086,165
08:56:54.119,166
08:56:54.119,166
08:56:54.119,167
08:56:54.119,167
08:56:54.119,169
08:56:54.119,169
08:56:54.153,169
08:56:54.153,169
08:56:54.153,170
08:56:54.153,170
08:56:54.153,170
08:56:54.153,170
08:56:54.153,171
08:56:54.186,171
08:56:54.186,171
08:56:54.186,172
08:56:54.186,171
08:56:54.186,172
08:56:54.186,172
08:56:54.219,172
08:56:54.219,172
08:56:54.219,173
08:56:54.219,173
08:56:54.219,173
08:56:54.219,173
08:56:54.252,174
08:56:54.252,174
08:56:54.252,174
08:56:54.252,174
08:56:54.252,174
08:56:54.252,175
08:56:54.252,175
08:56:54.286,176
08:56:54.286,176
08:56:54.286,175
08:56:54.286,176
08:56:54.286,176
08:56:54.286,176
08:56:54.319,177
08:56:54.319,177
08:56:54.319,177
08:56:54.319,178
08:56:54.319,179
08:56:54.319,179
08:56:54.319,181
08:56:54.353,182
08:56:54.353,182
08:56:54.353,183
08:56:54.353,183
08:56:54.353,184
08:56:54.353,184
08:56:54.386,184
08:56:54.386,185
08:56:54.386,185
08:56:54.386,186
08:56:54.386,187
08:56:54.386,187
08:56:54.419,187
08:56:54.419,188
08:56:54.419,187
08:56:54.419,189
08:56:54.419,189
08:56:54.419,190
08:56:54.419,190
08:56:54.453,191
08:56:54.453,193
08:56:54.453,193
08:56:54.453,193
08:56:54.453,194
08:56:54.453,194
08:56:54.486,195
08:56:54.486,195
08:56:54.486,196
08:56:54.486,197
08:56:54.486,197
08:56:54.486,197
08:56:54.486,198
08:56:54.519,199
08:56:54.519,199
08:56:54.519,200
08:56:54.519,200
08:56:54.519,200
08:56:54.519,201
08:56:54.552,202
08:56:54.552,202
08:56:54.552,202
08:56:54.552,204
08:56:54.552,203
08:56:54.552,204
08:56:54.585,205
08:56:54.585,206
08:56:54.585,207
08:56:54.585,208
08:56:54.585,209
08:56:54.585,210
08:56:54.585,210
08:56:54.619,212
08:56:54.619,212
08:56:54.619,215
08:56:54.619,216
08:56:54.619,216
08:56:54.619,218
08:56:54.652,218
08:56:54.652,220
08:56:54.652,220
08:56:54.652,222
08:56:54.652,222
08:56:54.652,223
08:56:54.652,224
08:56:54.686,226
08:56:54.686,226
08:56:54.686,227
08:56:54.686,228
08:56:54.686,230
08:56:54.686,229
08:56:54.719,231
08:56:54.719,231
08:56:54.719,233
08:56:54.719,233
08:56:54.719,235
08:56:54.719,236
08:56:54.719,236
08:56:54.752,238
08:56:54.752,239
08:56:54.752,240
08:56:54.752,241
08:56:54.752,244
08:56:54.752,244
08:56:54.752,246
08:56:54.785,247
08:56:54.785,249
08:56:54.785,250
08:56:54.785,252
08:56:54.785,253
08:56:54.785,255
08:56:54.818,256
08:56:54.818,257
08:56:54.818,259
08:56:54.819,260
08:56:54.819,263
08:56:54.819,264
08:56:54.819,265
08:56:54.852,268
08:56:54.852,270
08:56:54.852,271
08:56:54.852,273
08:56:54.852,275
08:56:54.852,277
08:56:54.885,279
08:56:54.885,280
08:56:54.885,283
08:56:54.885,284
08:56:54.885,286
08:56:54.885,287
08:56:54.918,289
08:56:54.918,291
08:56:54.918,292
08:56:54.918,295
08:56:54.918,296
08:56:54.918,298
08:56:54.918,300
08:56:54.952,303
08:56:54.952,305
08:56:54.952,308
08:56:54.952,310
08:56:54.952,312
08:56:54.952,315
08:56:54.985,317
08:56:54.985,320
08:56:54.985,322
08:56:54.985,325
08:56:54.985,326
08:56:54.985,331
08:56:54.985,333
08:56:55.018,334
08:56:55.018,339
08:56:55.018,341
08:56:55.018,345
08:56:55.018,348
08:56:55.018,350
08:56:55.051,352
08:56:55.051,356
08:56:55.051,360
08:56:55.051,362
08:56:55.051,367
08:56:55.051,370
08:56:55.085,373
08:56:55.085,374
08:56:55.085,374
08:56:55.085,373
08:56:55.085,371
08:56:55.085,372
08:56:55.085,371
08:56:55.118,370
08:56:55.118,369
08:56:55.118,368
08:56:55.118,368
08:56:55.118,366
08:56:55.118,366
08:56:55.151,366
08:56:55.151,365
08:56:55.151,364
08:56:55.151,363
08:56:55.151,364
08:56:55.151,362
08:56:55.151,364
08:56:55.185,362
08:56:55.185,363
08:56:55.185,361
08:56:55.185,360
08:56:55.185,362
08:56:55.185,360
08:56:55.218,359
08:56:55.218,360
08:56:55.218,358
08:56:55.218,359
08:56:55.218,358
08:56:55.218,358
08:56:55.251,357
08:56:55.251,357
08:56:55.251,356
08:56:55.251,356
08:56:55.251,356
08:56:55.251,355
08:56:55.251,354
08:56:55.284,352
08:56:55.284,344
08:56:55.284,339
08:56:55.284,339
08:56:55.284,340
08:56:55.284,340
08:56:55.317,338
08:56:55.317,337
08:56:55.317,337
08:56:55.317,337
08:56:55.317,338
08:56:55.317,336
08:56:55.317,336
08:56:55.351,338
08:56:55.351,343
08:56:55.351,345
08:56:55.351,344
08:56:55.351,344
08:56:55.351,342
08:56:55.384,341
08:56:55.384,342
08:56:55.384,343
08:56:55.384,345
08:56:55.384,344
08:56:55.384,345
08:56:55.417,344
08:56:55.417,344
08:56:55.417,345
08:56:55.417,346
08:56:55.417,346
08:56:55.417,352
08:56:55.417,353
08:56:55.451,350
08:56:55.451,353
08:56:55.451,354
08:56:55.451,354
08:56:55.451,354
08:56:55.451,350
08:56:55.484,355
08:56:55.484,353
08:56:55.484,354
08:56:55.484,353
08:56:55.484,350
08:56:55.484,350
08:56:55.484,349
08:56:55.517,350
08:56:55.517,351
08:56:55.517,351
08:56:55.517,348
08:56:55.517,349
08:56:55.517,349
08:56:55.550,348
08:56:55.550,352
08:56:55.550,350
08:56:55.550,349
08:56:55.550,351
08:56:55.550,349
08:56:55.584,349
08:56:55.584,349
08:56:55.584,348
08:56:55.584,344
08:56:55.584,349
08:56:55.584,345
08:56:55.584,346
08:56:55.624,347
08:56:55.624,348
08:56:55.624,344
08:56:55.624,347
08:56:55.624,347
08:56:55.624,347